page,source_url,count
https://www.snopes.com/fact-check/page/ban-oktoberfest-petition/,https://www.change.org/p/wawa-wawa-bring-back-the-hot-roast-beef-sandwiches,0
https://www.snopes.com/fact-check/page/ban-oktoberfest-petition/,https://www.change.org/p/beyonce-knowles-kelly-rowland-michelle-williams-i-want-destiny-s-child-to-make-another-album,0
https://www.snopes.com/fact-check/page/safe-harbor-initiative-blue-strip/,https://www.quora.com/What-can-I-do-to-best-support-my-local-police-officers-who-live-in-my-neighborhood-and-patrol-the-beat-here,0
https://www.snopes.com/fact-check/page/safe-harbor-initiative-blue-strip/,http://pittsylvaniacountyva.gov/DocumentCenter/View/186,0
https://www.snopes.com/fact-check/page/safe-harbor-initiative-blue-strip/,http://police.kingsporttn.gov/911_users_guide,0
https://www.snopes.com/fact-check/page/small-michigan-town-syrian-refugees/,http://www.detroitnews.com/story/news/local/michigan/2015/09/10/michigan-likely-take-syria-refugees/72042550/,0
https://www.snopes.com/fact-check/page/caitlin-teagart/,http://literallyunbelievable.org/,0
https://www.snopes.com/fact-check/page/free-sams-club-membership/,http://help.samsclub.com/app/error/error_id/1/session/L2F2LzEvdGltZS8xNDQyOTQ5NzI5L3NpZC9YX29wSDd4bQ==,0
https://www.snopes.com/fact-check/page/bernie-sanders-parents-holocaust/,http://www.huffingtonpost.com/2015/05/26/bernie-sanders-2016_n_7446570.html,0
https://www.snopes.com/fact-check/page/bernie-sanders-parents-holocaust/,http://www.tabletmag.com/jewish-news-and-politics/192931/bernie-sanders-story,0
https://www.snopes.com/fact-check/page/bernie-sanders-parents-holocaust/,http://theliberaltony.tumblr.com/post/121349161408/a-guy-named-adolf-hitler-won-an-election-in-1932,0
https://www.snopes.com/fact-check/page/eyelash-lice/,http://www.nature.com/eye/journal/v17/n4/full/6700422a.html,0
https://www.snopes.com/fact-check/page/eyelash-lice/,http://www.personal.psu.edu/afr3/blogs/siowfa12/2012/11/use-mascara-watch-out-for-eyelash-mites.html,0
https://www.snopes.com/fact-check/page/eyelash-lice/,http://www.cmaj.ca/content/182/4/E187.full,0
https://www.snopes.com/fact-check/page/pope-francis-kim-davis/,http://www.msn.com/en-us/news/us/update-1-pope-did-not-give-unconditional-support-to-clerk-in-gay-marriage-row-vatican/ar-AAf1P79,0
https://www.snopes.com/fact-check/page/preschoolers-killed-police/,https://www.fbi.gov/news/pressrel/press-releases/fbi-releases-2014-preliminary-statistics-for-law-enforcement-officers-killed-in-the-line-of-duty,0
https://www.snopes.com/fact-check/page/republicans-trump-supporters-grammar/,http://undsci.berkeley.edu/article/%3C?%20echo%20%24baseURL;%20?%3E/sciencetoolkit_08,0
https://www.snopes.com/fact-check/page/republicans-trump-supporters-grammar/,https://www.psychologytoday.com/blog/millennial-media/201304/do-racism-conservatism-and-low-iq-go-hand-in-hand,0
https://www.snopes.com/fact-check/ebay/,http://www.while.ws/update.html,0
https://www.snopes.com/fact-check/message-from-the-field/,http://www.cropcircleconnector.com/index2.html,0
https://www.snopes.com/fact-check/dispatch-from-a-physician/,http://www.ppdi.com/,0
https://www.snopes.com/fact-check/killer-dolphins/,http://www.earthisland.org/eijournal/summer98/wn_sum98f.htm,0
https://www.snopes.com/fact-check/role-model/,http://www.mauinews.com/story.aspx?id=12522,0
https://www.snopes.com/fact-check/stuck-on-you/,http://web.archive.org/web/20020202235316/http://www.reuters.com/news_article.jhtml?type=search&StoryID=534177&fromEmail=true,0
https://www.snopes.com/fact-check/stuck-on-you/,http://web.archive.org/web/20020209022247/http://www.ananova.com/news/story/sm_509134.html,0
https://www.snopes.com/fact-check/stuck-on-you/,http://web.archive.org/web/20021023024335/http://news.bbc.co.uk/1/hi/world/europe/1775104.stm,0
https://www.snopes.com/fact-check/charlie-went-down-to-gitmo/,http://web.archive.org/web/20030405125925/http://www.charliedaniels.com/soapbox/02/192.html,0
https://www.snopes.com/fact-check/pierre-rehov/,http://edition.cnn.com/TRANSCRIPTS/0507/23/cst.03.html,0
https://www.snopes.com/fact-check/planters-nuts/,http://web.archive.org/web/20050311105404/http://www.cowboyindian.com/cnslcacl.htm,0
https://www.snopes.com/fact-check/sandstorm-revelation/,http://www.2jesus.org/inspstories/cloud.html,0
https://www.snopes.com/fact-check/sandstorm-revelation/,http://web.archive.org/web/20030310013047/http://www.countrychurch.com/story.cfm?story_id=130,0
https://www.snopes.com/fact-check/general-education/,http://www.targum.com/store/Roth.html,1
https://www.snopes.com/fact-check/laurel-clark/,http://www.cnn.com/2003/US/02/02/sprj.colu.salton.cnna/index.html,0
https://www.snopes.com/fact-check/laurel-clark/,http://www.cnn.com/2003/US/02/01/sprj.colu.profile.clark/index.html,0
https://www.snopes.com/fact-check/the-pledge-of-allegiance/,http://www.museum.tv/archives/etv/R/htmlR/redskeltons/redskeltons.htm,0
https://www.snopes.com/fact-check/selfless-soldiers/,http://web.archive.org/web/20030609044929/http://www2.cnn.com/CNN/anchors_reporters/savidge.martin.html,0
https://www.snopes.com/fact-check/selfless-soldiers/,http://www.cnn.com/2003/WORLD/meast/03/30/otsc.irq.savidge/index.html,0
https://www.snopes.com/fact-check/selfless-soldiers/,http://www.fallenheroesmemorial.com/oif/profiles/buesingbrianrory.html,0
https://www.snopes.com/fact-check/card-sense/,http://www.snopes2.com/humor/info/card1.htm,0
https://www.snopes.com/fact-check/working-with-idiots-can-kill-you/,http://web.archive.org/web/20021212035821/http://entertainment.yahoo.com/entnews/wwn/20021121/103789080005.html,0
https://www.snopes.com/fact-check/dog-daze/,http://www.watleyreview.com/2004/052504-3.html,0
https://www.snopes.com/fact-check/dog-daze/,http://www.watleyreview.com/About.html,0
https://www.snopes.com/fact-check/worst-job-in-singapore/,http://web.archive.org/web/20010708124831/http://www.studentmagazine.com/thisweek/thisweek_article.asp?articleID=213,0
https://www.snopes.com/fact-check/the-varlet-letter/,http://web.archive.org/web/20011217231933/http://www.tibet.com/NewsRoom/false-letter.htm,0
https://www.snopes.com/fact-check/the-varlet-letter/,http://web.archive.org/web/20011102073104/http://www.snowlionpub.com/store/display.cgi?cart_id=&page=news3.html,0
https://www.snopes.com/fact-check/the-varlet-letter/,http://web.archive.org/web/20011102074620/http://www.snowlionpub.com/store/display.cgi?cart_id=&page=news6.html,0
https://www.snopes.com/fact-check/clone-of-contention/,http://web.archive.org/web/20000614170338/http://www.clonejesus.com/,0
https://www.snopes.com/fact-check/clone-of-contention/,http://web.archive.org/web/20010312011552/www.feralhouse.com/cgi-bin/store/commerce.cgi?page=ac2.html,0
https://www.snopes.com/fact-check/ill-follow-the-sun/,http://www.angelfire.com/wy/werewolves/blowupmoon.html,0
https://www.snopes.com/fact-check/ill-follow-the-sun/,http://www.math.ucdavis.edu/~suh/abian/abian-homepage.html,0
https://www.snopes.com/fact-check/seabiscuit/,http://www.seabiscuitonline.com/,0
https://www.snopes.com/fact-check/seabiscuit/,http://www.thoroughbredchampions.com/biographies/manowar.htm,0
https://www.snopes.com/fact-check/seabiscuit/,http://thoroughbredchampions.com/biographies/admiral.htm,0
https://www.snopes.com/fact-check/iloo/,http://us.news1.yimg.com/us.yimg.com/p/rids/20030506/i/1052236650.3221815359.jpg,0
https://www.snopes.com/fact-check/keyboard-loggers/,http://www.dansdata.com/keyghost.htm,0
https://www.snopes.com/fact-check/lebanese-loop/,http://www.state.nj.us/lps/dcj/releases/atms0328.htm,0
https://www.snopes.com/fact-check/almighty-wind/,http://www.palmbeachpost.com/storm/content/martin_stlucie/epaper/2004/09/21/m1a_sldestruct_0921.html,0
https://www.snopes.com/fact-check/almighty-wind/,http://www.sptimes.com/2004/09/06/Pasco/Pasco_takes_a_lashing.shtml,0
https://www.snopes.com/fact-check/someone-set-us-up-the-google-bomb/,http://www.microcontentnews.com/articles/googlebombs.htm,0
https://www.snopes.com/fact-check/someone-set-us-up-the-google-bomb/,http://news.bbc.co.uk/2/hi/americas/3298443.stm,0
https://www.snopes.com/fact-check/someone-set-us-up-the-google-bomb/,http://oldfashionedpatriot.blogspot.com/2003_10_01_oldfashionedpatriot_archive.html#106727416975886151,0
https://www.snopes.com/fact-check/someone-set-us-up-the-google-bomb/,http://oldfashionedpatriot.blogspot.com/2003_11_01_oldfashionedpatriot_archive.html#106984148855488783,0
https://www.snopes.com/fact-check/maple-leaf-bag/,http://www.world-cnn.com/,0
https://www.snopes.com/fact-check/maple-leaf-bag/,http://www.axisoflogic.com/artman/publish/article_14050.shtml,0
https://www.snopes.com/fact-check/nancy-cartwright/,http://www.dehavilland.co.uk/webhost.asp?wci=default&wcp=EntertainmentStoryPage&ItemID=8538099&ServiceID=8&filterid=345221&searchid=234672&category=1,0
https://www.snopes.com/fact-check/an-unmerried-woman/,http://www.catholicleague.org/05press_releases/quarter%204/051109_Wal-Mart_boycott.htm,0
https://www.snopes.com/fact-check/an-unmerried-woman/,http://www.catholicleague.org/05press_releases/quarter%204/051110_put_on_notice.htm,0
https://www.snopes.com/fact-check/an-unmerried-woman/,http://www.catholicleague.org/05press_releases/quarter%204/051111_boycott_ends.htm,0
https://www.snopes.com/fact-check/texas-roadhouse/,http://www.bernsteincrisismanagement.com/,0
https://www.snopes.com/fact-check/texas-roadhouse/,http://www.bernsteincrisismanagement.com/nl/crisismgr060901.html#cmu,0
https://www.snopes.com/fact-check/shoe-bomb/,http://news.bbc.co.uk/2/hi/americas/931726.stm,0
https://www.snopes.com/fact-check/takin-the-rap/,http://www.billmaher.com/,0
https://www.snopes.com/fact-check/bernardo-film/,http://us.imdb.com/title/tt0424938/,0
https://www.snopes.com/fact-check/warsaw-ghetto-uprising/,http://thepeoplescube.com/red/viewtopic.asp?t=797,0
https://www.snopes.com/fact-check/body-shop/,http://www.sheikhmohammed.co.ae/,0
https://www.snopes.com/fact-check/family-matters/,http://blackvoices.aol.com/black_entertainment/bvbuzzcanvas/_a/nov-27-2006/20061127115509990001,0
https://www.snopes.com/fact-check/weapon-killer/,http://www.senate.gov/legislative/LIS/roll_call_lists/roll_call_vote_cfm.cfm?congress=101&session=2&vote=00319,0
https://www.snopes.com/fact-check/weapon-killer/,http://www.senate.gov/legislative/LIS/roll_call_lists/roll_call_vote_cfm.cfm?congress=101&session=2&vote=00273,0
https://www.snopes.com/fact-check/weapon-killer/,http://www.senate.gov/legislative/LIS/roll_call_lists/roll_call_vote_cfm.cfm?congress=104&session=1&vote=00579,0
https://www.snopes.com/fact-check/weapon-killer/,http://www.gop.com/RNCResearch/Read.aspx?ID=3936,0
https://www.snopes.com/fact-check/kerryings-on/,http://www.davebarry.com/about.html,0
https://www.snopes.com/fact-check/heinz-sight/,http://www.heinz.com/jsp/presidential_statement.pdf,0
https://www.snopes.com/fact-check/prayer-request/,http://www.bpnews.net/bpnews.asp?id=20008,0
https://www.snopes.com/fact-check/forward-command-post/,http://www.antiwar.com/comment/jcpenney.html,0
https://www.snopes.com/fact-check/the-philadelphia-story/,http://www.repentamerica.com/,0
https://www.snopes.com/fact-check/serena-williams/,http://www.uptoparr.com/wire_display.asp?id=142,0
https://www.snopes.com/fact-check/serena-williams/,http://www.uptoparr.com/wire_display.asp?id=141,0
https://www.snopes.com/fact-check/grave-concern/,http://www.abmc.gov/,0
https://www.snopes.com/fact-check/crusader-habit/,http://us.imdb.com/title/tt0320661/combined,0
https://www.snopes.com/fact-check/crusader-habit/,http://edition.cnn.com/2004/SHOWBIZ/Movies/03/04/film.spielberg.reut/,0
https://www.snopes.com/fact-check/duct-tape-fears/,http://www.angelfire.com/ca4/philhendrie/lawsuits.html,0
https://www.snopes.com/fact-check/soldier-boy/,http://www.dmcityview.com/,0
https://www.snopes.com/fact-check/who-watches-the-watchers/,http://www.bbspot.com/,0
https://www.snopes.com/fact-check/who-watches-the-watchers/,http://www.bbspot.com/News/2006/11/home-theater-regulations.html,0
https://www.snopes.com/fact-check/highway-position/,http://www.hoosiergazette.com/Feature/Nov2004/feature003.htm,0
https://www.snopes.com/fact-check/highway-position/,http://hoosiergazette.com/News/Nov2004/news003.htm,0
https://www.snopes.com/fact-check/highway-position/,http://www.hoosiergazette.com/News/Nov2004/news004.htm,0
https://www.snopes.com/fact-check/highway-position/,http://www.hoosiergazette.com/index.htm,0
https://www.snopes.com/fact-check/highway-position/,http://www.house.gov/hostettler/welcome-whats-new.htm,0
https://www.snopes.com/fact-check/probable-response/,http://www.willdurst.com/,0
https://www.snopes.com/fact-check/found-out-about-jew/,http://www.jewwatch.com,0
https://www.snopes.com/fact-check/found-out-about-jew/,http://web.archive.org/web/20040409011835/http://www.removejewwatch.com/index.html,0
https://www.snopes.com/fact-check/florida/,http://www.hsmv.state.fl.us/ddl/DPPAInfo.html,0
https://www.snopes.com/fact-check/florida/,http://www.hsmv.state.fl.us/html/withhold.pdf,0
https://www.snopes.com/fact-check/shannons-friend/,http://web.archive.org/web/20000614091102/http://members.aol.com/teenfocus/shannon.html,0
https://www.snopes.com/fact-check/wounds-that-never-heal/,http://www.house.gov/ros-lehtinen/,1
https://www.snopes.com/fact-check/missed-tributes/,http://www.cnn.com/SHOWBIZ/9708/04/win.steins.money/,0
https://www.snopes.com/fact-check/missed-tributes/,http://www.benstein.com/bio.html,0
https://www.snopes.com/fact-check/24-star-letter/,http://www.washingtonpost.com/wp-dyn/content/article/2006/02/01/AR2006020102465.html,0
https://www.snopes.com/fact-check/24-star-letter/,http://www.washingtonpost.com/wp-dyn/content/article/2006/02/01/AR2006020102098.html,0
https://www.snopes.com/fact-check/stand-up-for-america/,http://web.archive.org/web/20030602133512/http://www.bethchapman.com/stand+up+speech.htm,0
https://www.snopes.com/fact-check/stand-up-for-america/,http://www.bethchapman.com/,0
https://www.snopes.com/fact-check/what-i-am/,http://www.whatiam.net,0
https://www.snopes.com/fact-check/america-wake-up/,https://www.cnatra.navy.mil/tw1/,0
https://www.snopes.com/fact-check/america-wake-up/,http://www.civitan.net/pensacola/pagespensacola/1_1.html,0
https://www.snopes.com/fact-check/scorn-curtain/,http://homepage.mac.com/clairebraz/,0
https://www.snopes.com/fact-check/bill-timmins/,http://www.freerepublic.com/focus/f-news/1176055/posts,0
https://www.snopes.com/fact-check/a-letter-of-apology/,http://www.davidstuff.com/incorrect/adams1.htm,0
https://www.snopes.com/fact-check/enough-is-enough/,http://www.paulallen.com/,0
https://www.snopes.com/fact-check/enough-is-enough/,http://www.forbes.com/static/bill2005/LIR1217.html?passListId=10&passYear=2005&passListType=Person&uniqueId=1217&datatype=Person,0
https://www.snopes.com/fact-check/ehud-olmert-speech/,http://www.pmo.gov.il/PMOEng/Communication/PMSpeaks/speechknesset170706.htm,0
https://www.snopes.com/fact-check/new-rules-for-2006/,http://www.billmaher.com/,0
https://www.snopes.com/fact-check/the-new-school-prayer/,http://web.archive.org/web/20040116083507/http://www.lcincarnation.org/prayer_project/bedtime/frm_bed.htm,0
https://www.snopes.com/fact-check/miller-time/,http://www.cnn.com/2003/WORLD/meast/01/28/sprj.irq.disarmament.conference,0
https://www.snopes.com/fact-check/the-midlers-tale/,http://www.wordiq.com/definition/Weblog,0
https://www.snopes.com/fact-check/an-open-letter-to-the-dixie-chicks/,http://www.cnn.com/2003/SHOWBIZ/Music/03/16/maines.bush.ap/index.html,0
https://www.snopes.com/fact-check/an-open-letter-to-the-dixie-chicks/,http://web.archive.org/web/20030815092632/http://www.montereyherald.com/mld/montereyherald/5110380.htm,0
https://www.snopes.com/fact-check/an-open-letter-to-the-dixie-chicks/,http://www.thespeciousreport.com/2003_dixiechicks.html,0
https://www.snopes.com/fact-check/happiness-envy/,http://us.imdb.com/Title?0106400,0
https://www.snopes.com/fact-check/pre-championship-game-speech/,http://espn.go.com/ncf/news/2002/0103/1305441.html,0
https://www.snopes.com/fact-check/pre-championship-game-speech/,http://espn.go.com/ncf/bowls01/outback.html,0
https://www.snopes.com/fact-check/pre-championship-game-speech/,http://sports.espn.go.com/ncf/recap?gameId=230032390,0
https://www.snopes.com/fact-check/map-quest/,http://www.cnn.com/2002/EDUCATION/11/20/geography.quiz,0
https://www.snopes.com/fact-check/the-boys-of-iwo-jima/,http://www.jamesbradley.com/,0
https://www.snopes.com/fact-check/map-quest-2/,http://www.cnn.com/2002/EDUCATION/11/20/geography.quiz,0
https://www.snopes.com/fact-check/armey-of-one/,http://www.cnn.com/ALLPOLITICS/stories/1998/09/09/starr.report/,0
https://www.snopes.com/fact-check/armey-of-one/,http://www.cnn.com/ALLPOLITICS/1998/01/21/clinton.starr.am/,1
https://www.snopes.com/fact-check/armey-of-one/,http://www.cnn.com/ALLPOLITICS/stories/1998/09/18/starr.tape/,0
https://www.snopes.com/fact-check/armey-of-one/,http://www.cnn.com/ALLPOLITICS/1998/08/17/speech/,0
https://www.snopes.com/fact-check/world-trade-center-stamp/,http://www.house.gov/ackerman/pages/wtcstamp.htm,1
https://www.snopes.com/fact-check/world-trade-center-stamp/,http://www.inspired-art.com/,0
https://www.snopes.com/fact-check/delaney-parrish/,http://babydelaney.tripod.com/updates.htm,0
https://www.snopes.com/fact-check/don-walter-letter/,http://www.usdoj.gov/opa/pr/2003/May/03_ag_267.htm,0
https://www.snopes.com/fact-check/rebuilding-iraq/,http://www.elca.org/ScriptLib/OS/Congregations/cdsDetail.asp?congrno=12962,0
https://www.snopes.com/fact-check/on-leave/,http://www.heromiles.org/,0
https://www.snopes.com/fact-check/hj-resolution-20/,http://www.house.gov/kucinich/,0
https://www.snopes.com/fact-check/hj-resolution-20/,http://www.house.gov/defazio/,0
https://www.snopes.com/fact-check/cindy-sheehan/,http://www.talkingproud.us/Eagle101904.html,0
https://www.snopes.com/fact-check/2007-pennsylvania-cell-phone-use-law/,http://www.legis.state.pa.us/cfdocs/billinfo/billinfo.cfm?syear=2007&sind=0&body=H&type=B&BN=1827,0
https://www.snopes.com/fact-check/2007-pennsylvania-cell-phone-use-law/,http://www.legis.state.pa.us/CFDOCS/Legis/PN/Public/btCheck.cfm?txtType=HTM&sessYr=2007&sessInd=0&billBody=H&billTyp=B&billNbr=1827&pn=2428,0
https://www.snopes.com/fact-check/vested-interest/,http://www.peta.com/,0
https://www.snopes.com/fact-check/citizens-against-breast-feeding/,"http://web.archive.org/web/20000817182630/http://www.eonline.com/News/Items/0,1,2066,00.htm",0
https://www.snopes.com/fact-check/citizens-against-breast-feeding/,http://web.archive.org/web/20010331090513/http://www.banbreastfeeding.com/,0
https://www.snopes.com/fact-check/the-mammogramming-click/,http://www.thebreastcancersite.com,0
https://www.snopes.com/fact-check/seeing-the-fjords/,http://www.israelinsider.com/views/articles/views_0397.htm,0
https://www.snopes.com/fact-check/flash-im-the-pan/,http://computing.fnal.gov/security/UserGuide/password.htm,0
https://www.snopes.com/fact-check/will-ferrell-death-hoax/,http://www.regrettheerror.com/2006/03/will_ferrell_is.html,0
https://www.snopes.com/fact-check/study-hard/,http://web.archive.org/web/20041126040807/http://homepage.mac.com/nikkienikks/iblog/C294808266/E910814554/Media/cnn.html,0
https://www.snopes.com/fact-check/study-hard/,http://www4.ncsu.edu/~brwilli2/cnn.html,0
https://www.snopes.com/fact-check/study-hard/,http://www4.ncsu.edu/~brwilli2/cnn1.html,0
https://www.snopes.com/fact-check/duane-martin/,"http://www.essence.com/essence/themix/entertainment/0,16109,1657628-1,00.html",1
https://www.snopes.com/fact-check/paris-hilton-stabbed/,http://www.omeletto.com/cnn.html,0
https://www.snopes.com/fact-check/metallica/,http://www.mtv.com/,0
https://www.snopes.com/fact-check/metallica/,http://www.scoopthis.com,0
https://www.snopes.com/fact-check/dollar-store-toothpaste/,http://www.ada.org/,0
https://www.snopes.com/fact-check/blind-datum/,http://web.archive.org/web/20001217210500/http://www.ctfa.org/viewpage.cfm?id=1078,0
https://www.snopes.com/fact-check/blind-datum/,http://web.archive.org/web/19990430044620/http://www.preventblindness.org/news/releases/UV_598.html,0
https://www.snopes.com/fact-check/safety-moment/,http://www.tc.faa.gov/its/worldpac/techrpt/artn98-15.pdf,0
https://www.snopes.com/fact-check/wal-mart-and-the-nglcc/,http://www.nglcc.org/,0
https://www.snopes.com/fact-check/baby-doom-2/,http://web.archive.org/web/20040924033405/http://www.indiana.edu/~kinsey/about/news.html,0
https://www.snopes.com/fact-check/baby-doom-2/,http://www.hoosiergazette.com/News/Sept2004/news001.htm,0
https://www.snopes.com/fact-check/baby-doom-2/,http://web.archive.org/web/20040215035443/http://www.hoosiergazette.com/about.htm,0
https://www.snopes.com/fact-check/baby-doom-2/,http://www.hoosiergazette.com/,0
https://www.snopes.com/fact-check/kelsey-brooke-jones/,http://www.missingkids.com,0
https://www.snopes.com/fact-check/the-road-to-dell/,http://web.archive.org/web/20020305222533/http://www.jackweigand.com/Dell.html,0
https://www.snopes.com/fact-check/pampered-chef/,http://www.berkshirehathaway.com/news/jul0303.pdf,0
https://www.snopes.com/fact-check/pampered-chef/,http://www.berkshirehathaway.com/subs/sublinks.html,0
https://www.snopes.com/fact-check/pampered-chef/,http://www.berkshirehathaway.com/,0
https://www.snopes.com/fact-check/breast-defense-2/,http://www.khou.com/news/local/khou020215_ds_AirportSecurity.571cfc1.html,0
https://www.snopes.com/fact-check/black-heritage-stamps-2/,http://web.archive.org/web/20000604104815/www.usps.com/news/stamps/99/black_heritage.htm,0
https://www.snopes.com/fact-check/hate/,http://mosaic.lk.net/g-wall.html,0
https://www.snopes.com/fact-check/united-condemnations/,http://www.un.org/Depts/dhl/resguide/r58.htm,0
https://www.snopes.com/fact-check/code-cocked/,http://web.archive.org/web/19991128095002/http://phonebooth.interocitor.net/wtng/wtng-ps.html,0
https://www.snopes.com/fact-check/call-scam/,http://www.liquidsoapproducts.com/rules.html,1
https://www.snopes.com/fact-check/north-american-union/,http://europa.eu/,0
https://www.snopes.com/fact-check/phone-scam/,http://www.usdoj.gov/criminal/cybercrime/18usc1343.htm,0
https://www.snopes.com/fact-check/irs-audit/,"http://web.archive.org/web/20020127141027/http://www.michigan.gov/treasury/1,1607,7-121--9300--,00.html",0
https://www.snopes.com/fact-check/full-faith-and-credit-card/,http://www.ckfraud.org/credit.html,0
https://www.snopes.com/fact-check/citibank-4/,http://www.citi.com/domain/spoof/report_abuse.htm,0
https://www.snopes.com/fact-check/send-your-support-to-troops/,http://www.globalsecurity.org/military/ops/enduring-freedom.htm,0
https://www.snopes.com/fact-check/citibank-3/,http://www.citibank.com/domain/spoof/email_sample.htm?s=011104.gif,0
https://www.snopes.com/fact-check/2008-california-traffic-laws/,http://www.leginfo.ca.gov/pub/07-08/bill/sen/sb_0051-0100/sb_67_bill_20071014_chaptered.html,0
https://www.snopes.com/fact-check/2008-california-traffic-laws/,http://www.leginfo.ca.gov/pub/07-08/bill/asm/ab_0301-0350/ab_321_bill_20071010_chaptered.html,0
https://www.snopes.com/fact-check/2008-california-traffic-laws/,http://www.leginfo.ca.gov/pub/07-08/bill/asm/ab_1551-1600/ab_1589_bill_20071010_chaptered.html,0
https://www.snopes.com/fact-check/2008-california-traffic-laws/,http://www.leginfo.ca.gov/pub/07-08/bill/sen/sb_0001-0050/sb_7_bill_20071010_chaptered.html,0
https://www.snopes.com/fact-check/2008-california-traffic-laws/,http://www.leginfo.ca.gov/pub/07-08/bill/asm/ab_0451-0500/ab_478_bill_20070926_chaptered.html,0
https://www.snopes.com/fact-check/2008-california-traffic-laws/,http://www.leginfo.ca.gov/pub/07-08/bill/asm/ab_0451-0500/ab_470_bill_20070720_chaptered.html,0
https://www.snopes.com/fact-check/2008-california-traffic-laws/,http://www.leginfo.ca.gov/pub/07-08/bill/asm/ab_0801-0850/ab_801_bill_20071005_chaptered.html,0
https://www.snopes.com/fact-check/2008-california-traffic-laws/,http://www.leginfo.ca.gov/pub/05-06/bill/sen/sb_1601-1650/sb_1613_bill_20060915_chaptered.html,0
https://www.snopes.com/fact-check/2008-california-traffic-laws/,http://www.dmv.ca.gov/cellularphonelaws/,0
https://www.snopes.com/fact-check/gemma-brown/,http://www.research-project.org/,0
https://www.snopes.com/fact-check/back-sided/,http://www.legislature.mi.gov/(S(jdimfs2mncwcve555ihftieq))/mileg.aspx?page=getObject&objectName=mcl-257-223,0
https://www.snopes.com/fact-check/briefcasing-the-joint/,http://www.alhediya.com/chadab.htm,0
https://www.snopes.com/fact-check/apod/,http://fpoapo.com/guide.htm,0
https://www.snopes.com/fact-check/airline-tickets-scam/,http://www.greatestcities.com/community/forum/1374341.html,0
https://www.snopes.com/fact-check/airline-tickets-scam/,http://ripoffreport.com/reports/ripoff120731.htm,0
https://www.snopes.com/fact-check/airline-tickets-scam/,http://ripoffreport.com/results.asp?q1=ALL&q4=&q6=&q3=&q2=&q7=&searchtype=0&submit2=Search%21&q5=submitprice.net&Search=Search,0
https://www.snopes.com/fact-check/flash-mountain/,http://web.archive.org/web/20000918213331/home.europa.com/~cabelsa/flash/,0
https://www.snopes.com/fact-check/felon-spy/,http://www.felonspy.com/,0
https://www.snopes.com/fact-check/felon-spy/,http://www.meganslaw.ca.gov/,0
https://www.snopes.com/fact-check/medical-adoptions/,http://www.medicaladoptions.com,1
https://www.snopes.com/fact-check/medical-adoptions/,http://www.medicaladoptions.com/childrens_profiles.html,3
https://www.snopes.com/fact-check/letter-from-an-afghan-american/,http://www.tompaine.com/opinion/2001/09/16/index.html,0
https://www.snopes.com/fact-check/collapse-into-cool/,http://web.archive.org/web/20010921080810/http://abcnews.go.com/sections/entertainment/DailyNews/moviesreedited010919.html,0
https://www.snopes.com/fact-check/false-footaging/,http://us.news2.yimg.com/f/42/31/7m/dailynews.yahoo.com/h/nm/20010911/ts/crash_tradecenter_arabs_dc.html,1
https://www.snopes.com/fact-check/false-footaging/,http://www.cnn.com/2001/US/09/20/cnn.statement/index.html,0
https://www.snopes.com/fact-check/false-footaging/,http://www.cnn.com/2001/US/09/20/reuters.statement/index.html,0
https://www.snopes.com/fact-check/the-binch/,http://www.choa.org/families/binchresponse.shtml,0
https://www.snopes.com/fact-check/yo-duh/,http://www.the-acr.com/codes/cntrycd.htm#i,0
https://www.snopes.com/fact-check/yo-duh/,http://hometown.aol.com/davepawson/elevens.html,0
https://www.snopes.com/fact-check/luther-burger/,http://www.recipesource.com/main-dishes/sandwiches/02/rec0236.html,0
https://www.snopes.com/fact-check/las-boy-scout/,http://www.legal-aid.org/lasfaq.htm,0
https://www.snopes.com/fact-check/long-island-black-friday/,http://www.islipexchange.com/,0
https://www.snopes.com/fact-check/voting-for-change/,http://www.nizkor.org/features/fallacies/post-hoc.html,0
https://www.snopes.com/fact-check/phil-mickelson/,http://golfinq.blogspot.com/2008/04/mickelson-hoax.html,0
https://www.snopes.com/fact-check/bride-and-go-seek/,http://web.archive.org/web/20000511134257/http://www.zoomnet.net/~petecol/baylyth.html,0
https://www.snopes.com/fact-check/bride-and-go-seek/,http://us.imdb.com/Title?0040746,0
https://www.snopes.com/fact-check/presidential-prayer-team/,http://web.archive.org/web/20020118135817/http://www.theenvoygroup.com/,0
https://www.snopes.com/fact-check/croak-a-cola/,http://www.cnn.com/EMAIL/,0
https://www.snopes.com/fact-check/not-in-touch/,http://web.archive.org/web/20010322200957/http://www.intouch.org/index_76034.html,0
https://www.snopes.com/fact-check/not-in-touch/,http://web.archive.org/web/20021209093534/http://www.intouch.org/inside/about_us/biography_76833.html,0
https://www.snopes.com/fact-check/dare-deviled/,http://www.firemansong.com/,0
https://www.snopes.com/fact-check/charles-schulz-philosophy/,http://www.schulzmuseum.org/,0
https://www.snopes.com/fact-check/peace-pipe/,http://www.house.gov,0
https://www.snopes.com/fact-check/peace-pipe/,http://www.un.int/usa/,1
https://www.snopes.com/fact-check/fire-and-ice/,http://www.city.timmins.on.ca,0
https://www.snopes.com/fact-check/doug-christie/,http://www.jackiechristie.com/,0
https://www.snopes.com/fact-check/doug-christie/,http://www.thebrushback.com/Archives/jchristie_full.htm,0
https://www.snopes.com/fact-check/jar-jar-drinks/,http://www.usdoj.gov/dea/pubs/pressrel/pr031300.htm,0
https://www.snopes.com/fact-check/jar-jar-drinks/,http://www.usdoj.gov/dea/pubs/pressrel/pr031300_01.htm,0
https://www.snopes.com/fact-check/robin-hoodwinked/,http://us.imdb.com/Details?0102798,0
https://www.snopes.com/fact-check/robin-hoodwinked/,http://us.imdb.com/Details?0047706,0
https://www.snopes.com/fact-check/cycle-lops/,http://www.prairieghosts.com/oh-elmo.html,0
https://www.snopes.com/fact-check/narrow-interview/,http://therewillbetruth.blogspot.com/2008/07/more-on-major-general-buckman.html,0
https://www.snopes.com/fact-check/crock-of-ages/,http://web.archive.org/web/20000620013837/http://www.blueangels.navy.mil/roster-officer.htm,0
https://www.snopes.com/fact-check/crock-of-ages/,http://www.cnn.com/US/9710/18/goizueta.obit.9am/,0
https://www.snopes.com/fact-check/crock-of-ages/,http://www.blueangels.navy.mil/,0
https://www.snopes.com/fact-check/crock-of-ages/,http://www.corpangelnetwork.org/,0
https://www.snopes.com/fact-check/picabo-icu/,http://www.epodunk.com/cgi-bin/genInfo.asp?locIndex=7039,0
https://www.snopes.com/fact-check/ruby-tuesday/,http://www.rubytuesday.com/,0
https://www.snopes.com/fact-check/helping-hands/,http://web.archive.org/web/20020406223114/http://www.weirdnj.com/_roads/gravityroad.html,0
https://www.snopes.com/fact-check/the-microwaved-pet/,http://us.imdb.com/Title?0088402,0
https://www.snopes.com/fact-check/nuke-of-earl/,http://www.nmsr.org/darwiner.htm,0
https://www.snopes.com/fact-check/the-bust-n-strangler/,http://web.archive.org/web/20020125163716/http://entertainment.yahoo.com/entnews/wwn/20020116/101119320009.html,0
https://www.snopes.com/fact-check/the-bust-n-strangler/,http://web.archive.org/web/20020614125313/http://www.weeklyworldnews.com/bizarre/bizarre.cfm?instanceid=19594,0
https://www.snopes.com/fact-check/getting-waisted/,http://www.musicals101.com/ziegheld.htm,0
https://www.snopes.com/fact-check/bovine-unite/,http://www.bovineunite.com/herd/,0
https://www.snopes.com/fact-check/bovine-unite/,http://bovineunite.blogspot.com/,0
https://www.snopes.com/fact-check/bovine-unite/,http://www.bovineunite.com/main.htm,0
https://www.snopes.com/fact-check/kay-arthur/,http://livingproofministries.blogspot.com/2008/07/little-help-with-something.html,0
https://www.snopes.com/fact-check/kay-arthur/,http://www.lproof.org/,0
https://www.snopes.com/fact-check/obama-heals/,http://www.larknews.com/august_2008/content.asp?header=header&page=../disclaimer,0
https://www.snopes.com/fact-check/obama-heals/,http://www.larknews.com,0
https://www.snopes.com/fact-check/hate-crimes-prevention-act/,http://transcripts.cnn.com/TRANSCRIPTS/0706/09/cnr.01.html,0
https://www.snopes.com/fact-check/the-five-million-dollar-man/,http://transcripts.cnn.com/TRANSCRIPTS/0808/16/se.02.html,0
https://www.snopes.com/fact-check/utah-evacuees/,http://www.utah.gov/governor/news/2005/news_09_08e_05.html,0
https://www.snopes.com/fact-check/so-i-volunteered/,http://blogs.chron.com/katrinavoices/archives/volunteers/index.html,0
https://www.snopes.com/fact-check/so-i-volunteered/,http://www.gainesville.com/apps/pbcs.dll/article?AID=/20050912/WIRE/50912005&SearchID=73224514983679,0
https://www.snopes.com/fact-check/so-i-volunteered/,http://blog.myspace.com/index.cfm?fuseaction=blog.view&friendID=22714973&blogID=45938031&Mytoken=200,0
https://www.snopes.com/fact-check/obama-will-lose/,http://www.museum.tv/archives/etv/D/htmlD/downshugh/downshugh.htm,0
https://www.snopes.com/fact-check/sambo/,http://thepoliticalcurmudgeon.blogspot.com/2008/09/alaskans-speak-in-frightened-whisper.html,0
https://www.snopes.com/fact-check/sambo/,http://thepoliticalcurmudgeon.blogspot.com/2008/09/sarah-palin-and-me.html,0
https://www.snopes.com/fact-check/sambo/,http://web.archive.org/web/20041102045616/http://handprintbooks.com/html_files/REVIEWS/SAMBOpubnote.pdf,0
https://www.snopes.com/fact-check/theres-always-room-for-jlo/,"http://web.archive.org/web/20010609201103/www.ifilm.com/db/static_text/0,1699,17742,00.html",0
https://www.snopes.com/fact-check/awesome-rock/,http://www.aladdin.co.kr/shop/common/wbook_talktalk.aspx?ISBN=898662172X&BranchType=1&CommunityType=PhotoReview&PaperId=841194,0
https://www.snopes.com/fact-check/hunting-for-bambi/,http://www.huntingforbambi.com,0
https://www.snopes.com/fact-check/the-partys-over/,http://lindamonk.com/,0
https://www.snopes.com/fact-check/the-partys-over/,http://buchanan.org/blog/2008/09/pjb-the-partys-over/,0
https://www.snopes.com/fact-check/orson-scott-card/,http://www.ornery.org/essays/warwatch/2008-10-05-1.html,0
https://www.snopes.com/fact-check/sorry-wrong-number-2/,http://www.illinoislottery.com/subsections/History/Win2008.txt,0
https://www.snopes.com/fact-check/proposed-tax-changes/,http://www.washingtonpost.com/wp-dyn/content/story/2008/06/09/ST2008060900950.html,0
https://www.snopes.com/fact-check/kenya-connection/,http://web.archive.org/web/20070820011329/http://www.lorendavis.com/news_articles_sirius.html,0
https://www.snopes.com/fact-check/kenya-connection/,http://www.lorendavis.com/,0
https://www.snopes.com/fact-check/home-depot-for-the-holidays/,http://www.google.com/search?hl=en&safe=off&q=site%3Acostco.com+christmas&btnG=Search,0
https://www.snopes.com/fact-check/home-depot-for-the-holidays/,http://www.google.com/search?hl=en&q=site%3Ahomedepot.com+christmas&aq=f&oq=,0
https://www.snopes.com/fact-check/rico-suave/,http://us.imdb.com/title/tt0021079/,0
https://www.snopes.com/fact-check/google-phonebook/,http://www.google.com,0
https://www.snopes.com/fact-check/quality-is-the-first-occupation/,http://www.systransoft.com/,0
https://www.snopes.com/fact-check/go-ask-alice/,http://us.imdb.com/Title?0068644,0
https://www.snopes.com/fact-check/paper-work/,http://www.sfmuseum.org/hist5/mareis.html,0
https://www.snopes.com/fact-check/paper-work/,http://us.imdb.com/title/tt0053143/,0
https://www.snopes.com/fact-check/bill-of-no-rights/,http://web.archive.org/web/20030801200633/http://www.lp.org/lpnews/0010/campaign2000.html,0
https://www.snopes.com/fact-check/wheres-the-manbeef/,http://web.archive.org/web/20010418225509/http://www.dotster.com/Help/Whois/Default.asp?DomainName=jmallett&TLD=.org,0
https://www.snopes.com/fact-check/wheres-the-manbeef/,http://web.archive.org/web/20010418235121/http://www.dotster.com/Help/Whois/Default.asp?DomainName=manbeef&TLD=.com,0
https://www.snopes.com/fact-check/church-organ/,http://www.larknews.com/may_2004/content.asp?header=header&page=../disclaimer,0
https://www.snopes.com/fact-check/church-organ/,http://www.larknews.com,0
https://www.snopes.com/fact-check/the-plane-gospel-truth/,http://www.ntsb.gov/publictn/2002/AAR0201.htm,1
https://www.snopes.com/fact-check/you-cant-darwin-them-all/,http://us.imdb.com/title/tt0101700/,0
https://www.snopes.com/fact-check/last-request/,http://web.archive.org/web/20040805215713/http://www.madison.com/obits/listings.asp?type=trans&date=08/21/2003,0
https://www.snopes.com/fact-check/last-request/,http://web.archive.org/web/20031004182912/http://www.madison.com/archives/read.asp?ref=tct:2003:08:21:278154:FRONT,0
https://www.snopes.com/fact-check/reynolds-rap/,http://web.archive.org/web/20040607064900/http://www.orwelliantimes.com/2004/04/26.html,0
https://www.snopes.com/fact-check/reynolds-rap/,http://www.iowanationalguard.com/PAGES/pub_affair/NEWS/234%203654%20Mob%202%20Mar%2003.html,0
https://www.snopes.com/fact-check/blue-flu/,http://web.archive.org/web/20041126091102/http://www.909shot.com/Issues/Comp_Summary.htm,0
https://www.snopes.com/fact-check/passionate-about-the-passion/,"http://web.archive.org/web/20030820204508/http://www.christianity.com/partner/Article_Display_Page/0,,PTID5339%7cCHID14%7cCIID1615818,00.html",0
https://www.snopes.com/fact-check/passionate-about-the-passion/,http://www.paulharvey.com,0
https://www.snopes.com/fact-check/passionate-about-the-passion/,http://www.passion-movie.com/english/index.html,0
https://www.snopes.com/fact-check/glade-plugins-fire-hazard/,http://web.archive.org/web/20020917035438/http://abclocal.go.com/wabc/news/7onYourSide/WABC_7side_041902fresheners.html,0
https://www.snopes.com/fact-check/you-are-condemned/,http://www.cnn.com/2001/US/10/17/ret.us.propaganda/index.html,0
https://www.snopes.com/fact-check/you-are-condemned/,http://www.cnn.com/2001/US/10/18/ret.flyers/,0
https://www.snopes.com/fact-check/chico-marks/,https://galleryonepublishing.com/sleddriver/speaking_veteran.html,0
https://www.snopes.com/fact-check/the-banned-book-of-dr-seuss/,http://web.archive.org/web/20071103130615/http://members.aol.com/danledbttr/seuss.htm,0
https://www.snopes.com/fact-check/curves/,http://www.curvesinternational.com/,0
https://www.snopes.com/fact-check/curves/,http://www.operationrescue.org/,0
https://www.snopes.com/fact-check/checkout-rout/,http://us.imdb.com/Title?0091983,0
https://www.snopes.com/fact-check/checkout-rout/,http://us.imdb.com/Title?0109686,0
https://www.snopes.com/fact-check/golden-corral-2/,http://www.goldencorralrest.com/,0
https://www.snopes.com/fact-check/whos-your-daddy/,http://web.archive.org/web/20020811141319/http://icmma.org/craddock.htm,0
https://www.snopes.com/fact-check/caribou-coffee/,http://www.ariga.com/peacewatch/dy/,0
https://www.snopes.com/fact-check/caribou-coffee/,http://www.firstislamic.com/caribou.html,0
https://www.snopes.com/fact-check/caribou-coffee/,http://www.alaqsaintifada.org/,0
https://www.snopes.com/fact-check/ca-125/,http://web.archive.org/web/20001118125500/www2.cancer.org/zine/index.cfm?fn=002_10081998_0,0
https://www.snopes.com/fact-check/ca-125/,http://web.archive.org/web/20010702005723/http://www3.cancer.org/cancerinfo/load_cont.asp?ct=33&st=ds,0
https://www.snopes.com/fact-check/generic-drugs/,http://web.archive.org/web/20050326070849/web.wxyz.com/extras/040205-drugchart.html,0
https://www.snopes.com/fact-check/generic-drugs/,"http://web.archive.org/web/20050316092358/http://www.wxyz.com/wxyz/ys_investigations/article/0,2132,WXYZ_15949_2635151,00.html",0
https://www.snopes.com/fact-check/baby-boom-8/,http://web.archive.org/web/20000511223321/http://www.meadjohnson.ca/i1/p5.htm,0
https://www.snopes.com/fact-check/fatal-resolve/,http://web.archive.org/web/20041029041003/http://www.epa.gov/grtlakes/seahome/housewaste/src/readhaz.htm,0
https://www.snopes.com/fact-check/fatal-resolve/,http://www.amitymama.com/,0
https://www.snopes.com/fact-check/fatal-resolve/,http://www.melaleuca.com,0
https://www.snopes.com/fact-check/childrens-motrin/,http://web.archive.org/web/20050720082244/http://www.motrin.com/products/children/detail.jhtml?id=motrin/products/children/chmotrin.inc,0
https://www.snopes.com/fact-check/the-true-story-of-two-tenors/,https://fcarreras.org/noticias_fundacion_carreras_interior.asp?id=45,0
https://www.snopes.com/fact-check/the-true-story-of-two-tenors/,http://www.jcarreras.com/biohome.htm,0
https://www.snopes.com/fact-check/the-true-story-of-two-tenors/,http://www.stanthecaddy.com/the-doll.html,0
https://www.snopes.com/fact-check/hull-of-a-way-to-die/,http://web.archive.org/web/20051118204804/http://www.greatoceanliners.net/greateastern.html,0
https://www.snopes.com/fact-check/school-prayer/,http://web.archive.org/web/20001017205857/http://www.roane-hs.roane.k12.tn.us/default.html,0
https://www.snopes.com/fact-check/colin-powell/,"http://web.archive.org/web/20050223091222/http://www.weforum.org/site/homepublic.nsf/Content/Remarks+from+Colin+Powell,+US+Secretary+of+State",0
https://www.snopes.com/fact-check/cash-and-bury/,http://web.archive.org/web/20050308194859/http://www.sfgate.com/cgi-bin/article.cgi?file=/news/archive/2002/08/14/MNatmgrave.DTL,0
https://www.snopes.com/fact-check/disgruntled-former-lexicographer/,http://web.archive.org/web/20070613200535/http://www.compleatsteve.com/essays/lexicographer.htm,0
https://www.snopes.com/fact-check/an-open-letter-to-rolling-stone/,http://joanjett.com/,0
https://www.snopes.com/fact-check/william-hung-death-hoax/,http://www.brokennewz.com/,0
https://www.snopes.com/fact-check/the-screw/,http://www.keno.org/stones_lyrics/Cocksuckerblues.htm,0
https://www.snopes.com/fact-check/saved-by-humility/,http://www.catholicnews.com/data/stories/cns/0500430.htm,0
https://www.snopes.com/fact-check/saved-by-humility/,http://www.expat.or.id/orgs/calvarylifefellowship.html,0
https://www.snopes.com/fact-check/napoleon-die-namite/,http://www.tigers-animal-actors.com/about/liger/liger.html,0
https://www.snopes.com/fact-check/napoleon-die-namite/,http://www2.foxsearchlight.com/napoleondynamite/,0
https://www.snopes.com/fact-check/w-david-hager/,http://www.cbctrust.com/RU486.96.html,0
https://www.snopes.com/fact-check/angel-tree/,http://web.archive.org/web/20040410055756/http://www.demossnewspond.com/at/releases/bushchristmas122203.htm,0
https://www.snopes.com/fact-check/angel-tree/,http://web.archive.org/web/20040430104247/http://www.pfm.org/BPtemplate.cfm?Section=BreakPoint_Home&template=/ContentManagement/ContentDisplay.cfm&ContentID=11320,0
https://www.snopes.com/fact-check/2007-traffic-laws/,http://www.dmv.ca.gov/pubs/vctop/d11_5/vc23536.htm,0
https://www.snopes.com/fact-check/lindsay-lohan/,http://www.llrocks.com/,1
https://www.snopes.com/fact-check/harry-potter/,http://web.archive.org/web/20011130173041/http://www.creators.com/opinion_show.cfm?columnsName=ema,0
https://www.snopes.com/fact-check/weekly-world-nuge/,http://www.tednugent.com/about/,0
https://www.snopes.com/fact-check/weekly-world-nuge/,http://www.tnugent.com/index.shtml,0
https://www.snopes.com/fact-check/the-dog-soldier/,http://us.imdb.com/Title?0112431,0
https://www.snopes.com/fact-check/the-dog-soldier/,http://us.imdb.com/Title?0048280,0
https://www.snopes.com/fact-check/the-real-deal/,http://web.archive.org/web/20080415181835/http://www.dix.army.mil/nbcschool.htm,0
https://www.snopes.com/fact-check/frozen-assets-2/,http://web.archive.org/web/20011123095653/http://jama.ama-assn.org/issues/v282n14/ffull/jwm90008-4.html,0
https://www.snopes.com/fact-check/the-barrel-of-bricks/,http://web.archive.org/web/20070428031524/http://paul.merton.ox.ac.uk/work/bricklayer-song.html,0
https://www.snopes.com/fact-check/tire-nut/,http://us.imdb.com/Title?0087578,0
https://www.snopes.com/fact-check/america-gone-mad/,http://www.johnlecarre.com/,0
https://www.snopes.com/fact-check/america-gone-mad/,http://web.archive.org/web/20070430030434/http://www.opendemocracy.net/debates/article.jsp?id=2&debateId=88&articleId=882,0
https://www.snopes.com/fact-check/america-gone-mad/,http://web.archive.org/web/20060315033211/http://www.sundayherald.com/30700,0
https://www.snopes.com/fact-check/national-do-not-e-mail-registry/,http://www.whois.us/whois.cgi?TLD=us&WHOIS_QUERY=unsub.us&TYPE=DOMAIN&Search=Submit+Query,0
https://www.snopes.com/fact-check/false-needlepointless-tragedy/,http://web.archive.org/web/20000510142634/http://www.midrand.co.za/mcdonalds.html,0
https://www.snopes.com/fact-check/word-imperfect/,http://web.archive.org/web/19970209064552/http://www.progress.demon.co.uk/Fun/Trouble-with.html,0
https://www.snopes.com/fact-check/bankruptcy-is-in-the-cards/,http://www.managesmarter.com/msg/content_display/publications/e3i4b24b4706bd475505c762ea8d52b6516,0
https://www.snopes.com/fact-check/non-compos-mentos/,http://eepybird.com/exp214.html,0
https://www.snopes.com/fact-check/non-compos-mentos/,http://eepybird.com/dcm1.html,0
https://www.snopes.com/fact-check/anna-svidersky/,http://www.kgw.com/news-local/stories/kgw_042106_news_svidersky_myspace_account_.5a86a481.html,0
https://www.snopes.com/fact-check/flood-control/,http://www.zensufi.com/stories/arm.html,0
https://www.snopes.com/fact-check/grief-toll/,http://blogs.abcnews.com/va/,0
https://www.snopes.com/fact-check/spared-by-piety/,http://www.wordreference.com/definition/tefillin,0
https://www.snopes.com/fact-check/gods-wrath/,http://en.thinkexist.com/quotes/pat_robertson/,1
https://www.snopes.com/fact-check/columbia-disaster/,http://www.us-israel.org/jsource/biography/Ilanramon.html,0
https://www.snopes.com/fact-check/columbia-disaster/,http://www.cnn.com/2003/TECH/space/02/01/shuttle.columbia/index.html,0
https://www.snopes.com/fact-check/a-truly-canadian-apology/,http://www.dewit.ca/archs/poutine/index.html,0
https://www.snopes.com/fact-check/a-truly-canadian-apology/,http://www.colinmochrie.com,0
https://www.snopes.com/fact-check/radio-radio/,http://slate.msn.com/default.aspx?id=1008318,0
https://www.snopes.com/fact-check/adam-12-pack/,http://us.imdb.com/Title?0119217,0
https://www.snopes.com/fact-check/nacec/,http://web.archive.org/web/20051025083227/http://www.nacec.org/DODMemoMain.html,0
https://www.snopes.com/fact-check/nacec/,http://www.nacec.org/,0
https://www.snopes.com/fact-check/hello-dalai/,http://www.bamboointhewind.org/teaching_dalaiquotes.html,0
https://www.snopes.com/fact-check/pork-and-screens/,http://us.imdb.com/Title?0112431,0
https://www.snopes.com/fact-check/andy-rooneys-tips-for-telemarketers/,https://www.donotcall.gov/default.aspx,0
https://www.snopes.com/fact-check/andy-rooneys-tips-for-telemarketers/,http://www.dmachoice.org,0
https://www.snopes.com/fact-check/andy-rooneys-tips-for-telemarketers/,https://www.donotcall.gov/Complain/ComplainCheck.aspx,0
https://www.snopes.com/fact-check/andy-rooneys-tips-for-telemarketers/,https://www.optoutprescreen.com,0
https://www.snopes.com/fact-check/go-granny-go/,http://us.imdb.com/title/tt0067185/,0
https://www.snopes.com/fact-check/go-granny-go/,http://web.archive.org/web/20020805125627/http://www.lewrockwell.com/wallace/wallace42.html,0
https://www.snopes.com/fact-check/netflix-settlement/,http://cdn.netflix.com/us/corporate/settlement/settlement_agreement.pdf,0
https://www.snopes.com/fact-check/netflix-settlement/,http://cdn.netflix.com/us/corporate/settlement/summary_notice.pdf,0
https://www.snopes.com/fact-check/netflix-settlement/,http://www.netflix.com,0
https://www.snopes.com/fact-check/netflix-settlement/,http://www.netflix.com/SettlementFAQ,0
https://www.snopes.com/fact-check/great-balls-of-misfire/,http://www.soaprope.com/d/19970901.html,0
https://www.snopes.com/fact-check/open-letter-to-the-hollywood-bunch/,http://www.charliedaniels.com/,0
https://www.snopes.com/fact-check/slain-wounded-iraqi-insurgent/,http://www.kevinsites.net/2004_11_21_archive.html,0
https://www.snopes.com/fact-check/slain-wounded-iraqi-insurgent/,http://www.kevinsites.net/,0
https://www.snopes.com/fact-check/rape-of-innocents/,http://www.saps.gov.za/,0
https://www.snopes.com/fact-check/rape-of-innocents/,http://www.saps.gov.za/org_profiles/core_function_components/fcs/hoax.htm,0
https://www.snopes.com/fact-check/daddy-longlegs/,http://spiders.ucr.edu/daddylonglegs.html,0
https://www.snopes.com/fact-check/daddy-longlegs/,http://www.shoarns.com/Frogs.html,0
https://www.snopes.com/fact-check/daddy-longlegs/,http://web.archive.org/web/20031124134927/http://caliban.mpiz-koeln.mpg.de/~stueber/essays/pholcus/pholcus_phalangioides.html,0
https://www.snopes.com/fact-check/i-aint-got-no-body/,http://us.imdb.com/Title?0093051,0
https://www.snopes.com/fact-check/chick-fil-a-free-offer/,http://www.freechickenandcoke.com/,0
https://www.snopes.com/fact-check/webkinz-murderer/,http://web.archive.org/web/20070225134620/http://www.webkinz.com/bulletinz_rumor.html,0
https://www.snopes.com/fact-check/taupe-ten-list/,http://www.dalejarrett.com/,0
https://www.snopes.com/fact-check/pell-grants/,http://studentaid.ed.gov/PORTALSWebApp/students/english/PellGrants.jsp?tab=funding,0
https://www.snopes.com/fact-check/pell-grants/,http://www.studentaid.ed.gov/students/attachments/siteresources/FundingEduBeyondHighSchool_0708.pdf,0
https://www.snopes.com/fact-check/nude-awakening/,http://us.imdb.com/Title?0093886,0
https://www.snopes.com/fact-check/blew-moon/,http://monologues.co.uk/Robert_Service/ThreeBares.htm,0
https://www.snopes.com/fact-check/ghostly-rescue/,http://us.imdb.com/Title?0108941,0
https://www.snopes.com/fact-check/ghostly-rescue/,http://us.imdb.com/Title?0099653,0
https://www.snopes.com/fact-check/phil-keaggy/,http://www.philkeaggy.com/,0
https://www.snopes.com/fact-check/phil-keaggy/,http://www.glassharp.net,0
https://www.snopes.com/fact-check/the-expressionless/,http://creepypasta.tumblr.com/post/25953583300/in-june-of-1972-a-woman-appeared-in-cedar-senai,0
https://www.snopes.com/fact-check/charlie-brown/,http://www.legacy.com/can-vancouver/Obituaries.asp?Page=Lifestory&PersonId=106541121,0
https://www.snopes.com/fact-check/madeleine-mccann/,http://www.findmadeleine.com/,0
https://www.snopes.com/fact-check/the-bad-american/,http://dlhq.holyelvis.com/,1
https://www.snopes.com/fact-check/the-bad-american/,http://web.archive.org/web/20040515093720/http://www.racepics.co.nz/chainletter.htm,0
https://www.snopes.com/fact-check/the-bad-american/,http://web.archive.org/web/20050409053728/http://www.freerepublic.com/forum/a3b21fbab4b27.htm,0
https://www.snopes.com/fact-check/the-bad-american/,http://www.tednugent.com,0
https://www.snopes.com/fact-check/breast-cancer-awareness/,http://www.pinkribbon.com/,0
https://www.snopes.com/fact-check/tackling-hunger/,http://www.campbellsoup.com,0
https://www.snopes.com/fact-check/avon-breast-cancer-crusade/,http://www.breast.cancer.ca/,0
https://www.snopes.com/fact-check/avon-breast-cancer-crusade/,http://www.avon.ca/discover_avon/breast_cancer.html,0
https://www.snopes.com/fact-check/animal-rescue/,http://www.thebreastcancersite.com,0
https://www.snopes.com/fact-check/animal-rescue/,http://www.theanimalrescuesite.com,0
https://www.snopes.com/fact-check/seventh-generation/,http://www.seventhgeneration.com/,0
https://www.snopes.com/fact-check/christopher-reeve/,http://www.christopherreeve.org/privacy.cfm,0
https://www.snopes.com/fact-check/christopher-reeve/,http://www.christopherreeve.org/About/AboutList.cfm?c=3,0
https://www.snopes.com/fact-check/christopher-reeve/,http://www.christopherreeve.org/petitions/petition.cfm?petitionID=1,0
https://www.snopes.com/fact-check/pink-and-white-mms/,http://us.mms.com/us/news/promotions/komen/,0
https://www.snopes.com/fact-check/pink-and-white-mms/,http://www.komen.org/intradoc-cgi/idc_cgi_isapi.dll?IdcService=SS_GET_PAGE&ssDocName=masterfoods,0
https://www.snopes.com/fact-check/make-the-connection-bracelets/,http://www.merck.com/,0
https://www.snopes.com/fact-check/matt-dawson/,http://www.wish.org/,0
https://www.snopes.com/fact-check/chad-briody/,http://www.wish.org/,0
https://www.snopes.com/fact-check/natalie/,http://web.archive.org/web/19970116014515/http://www.babypics.com/Cronce/Megan_Sleep.html,0
https://www.snopes.com/fact-check/kaleb-schwade/,http://www.cafemom.com/group/9864,0
https://www.snopes.com/fact-check/bryan-warner/,http://www.wish.org/,0
https://www.snopes.com/fact-check/kalin-relek/,http://web.archive.org/web/20030205004210/http://www.bccsoftware.com/announcements.html,0
https://www.snopes.com/fact-check/brandon-rayner/,http://www.worldrecordsacademy.org/collections/largest_business_card_collection-world_record_set_by_Brandon_Rayner_80482.htm,0
https://www.snopes.com/fact-check/krystava-patients-schmidt/,http://www.missingkids.com,0
https://www.snopes.com/fact-check/krystava-patients-schmidt/,http://web.archive.org/web/20000301143023/http://www.tcfreenet.org/ip/city/moundsview/child.htm,0
https://www.snopes.com/fact-check/ccf-settlement/,http://www.ccfsettlement.com,0
https://www.snopes.com/fact-check/bump-day/,http://www.baskinrobbins.com/spotlight/bumpday.aspx,0
https://www.snopes.com/fact-check/danielle-van-dam/,http://www.cnn.com/2002/LAW/08/21/westerfield.trial/?related,0
https://www.snopes.com/fact-check/danielle-van-dam/,http://web.archive.org/web/20020205095029/daniellemissing.tripod.com/,0
https://www.snopes.com/fact-check/yohana-ravelo/,http://www.missingkids.com/,0
https://www.snopes.com/fact-check/delta-dawn/,http://www.delta.com/about_delta/deltas_restructuring/index.html,0
https://www.snopes.com/fact-check/delta-dawn/,http://www.delta.com/,0
https://www.snopes.com/fact-check/sony-psp-giveaway/,http://www.sonyworld.com,0
https://www.snopes.com/fact-check/paypal-class-action-lawsuit/,https://www.paypal.com/settlement,0
https://www.snopes.com/fact-check/paypal-class-action-lawsuit/,http://zdnet.com.com/2100-1104_2-5233490.html,0
https://www.snopes.com/fact-check/paypal-class-action-lawsuit/,http://news.com.com/2100-1017-842240.html,0
https://www.snopes.com/fact-check/panda-express/,http://www.pandaexpress.com/about/,0
https://www.snopes.com/fact-check/mr-smiley/,http://www.MrSmiley.com,0
https://www.snopes.com/fact-check/jamba-juice-coupon/,http://www.jambajuice.com/menuguide/functionalfaq.html,0
https://www.snopes.com/fact-check/iwon-for-the-record-books/,http://web.archive.org/web/20000815064848/http://www.iwon.com/ct/help/chainmail.html,0
https://www.snopes.com/fact-check/brayden-hembree/,http://web.archive.org/web/20030814062945/http://pages.prodigy.net/denem/index.html,0
https://www.snopes.com/fact-check/sgt-kevin-downs/,http://www.scadvocate.com/kevin_downs.htm,0
https://www.snopes.com/fact-check/sgt-kevin-downs/,http://www.wivk.com/_data/images/102805Smith.pdf,0
https://www.snopes.com/fact-check/chad-snowden/,http://www.iraqwarnews.net/2004_12_27_archive.html,1
https://www.snopes.com/fact-check/jesica-santillan/,http://www.unos.org/,0
https://www.snopes.com/fact-check/michael-novenche/,http://web.archive.org/web/20040330161553/http://newyork.local.ie/content/31666.shtml/albany/news/newsletters/general,0
https://www.snopes.com/fact-check/michael-novenche/,http://web.archive.org/web/20030414234930/www.geocities.com/michaelnovenche/,0
https://www.snopes.com/fact-check/matt-maupin/,http://www.cnn.com/2004/WORLD/meast/06/28/iraq.main/,0
https://www.snopes.com/fact-check/sheffer-appeal/,http://www.ccexchange.ca/,0
https://www.snopes.com/fact-check/sharon-shechter/,http://www.monroecountysheriff.info/crimestop/unsolved.html,0
https://www.snopes.com/fact-check/rebekah-tauber/,http://www.second.org/,0
https://www.snopes.com/fact-check/afghani-get-your-gun/,http://www.rawa.us/index.htm,0
https://www.snopes.com/fact-check/afghani-get-your-gun/,http://edition.cnn.com/2007/WORLD/asiapcf/05/10/afghan.buddhas/index.html,0
https://www.snopes.com/fact-check/dean-thomson/,http://www.uchospitals.edu,0
https://www.snopes.com/fact-check/aaron-russell-steinmetz/,http://www.missingkids.com,0
https://www.snopes.com/fact-check/elizabeth-smart/,http://www.cnn.com/2003/US/West/03/12/smart.kidnapping/index.html,0
https://www.snopes.com/fact-check/ban-on-gay-marriages/,http://www.allianceformarriage.org/reports/fma/amendment.htm,0
https://www.snopes.com/fact-check/ban-on-gay-marriages/,http://www.allianceformarriage.org,0
https://www.snopes.com/fact-check/open-letter-to-the-french-people/,http://www.senate.gov/~lieberman/newsite/biography.cfm,1
https://www.snopes.com/fact-check/call-to-war/,http://www.cnn.com/2002/ALLPOLITICS/09/20/congress.iraq.resolution/index.html,0
https://www.snopes.com/fact-check/dont-kill-the-messenger/,http://web.archive.org/web/20050206185355/http://help.yahoo.com/help/us/mesg/mesg-20.html,0
https://www.snopes.com/fact-check/dame-edna/,http://www.dame-edna.com/,0
https://www.snopes.com/fact-check/walk-of-life/,http://www.house.gov/lee/Internet.scam.htm,0
https://www.snopes.com/fact-check/walk-of-life/,http://www.house.gov/lee/,0
https://www.snopes.com/fact-check/walk-of-life/,http://www.senate.gov/~boxer/,0
https://www.snopes.com/fact-check/school-daze/,http://web.archive.org/web/20010124075200/http://www.alexander.k12.nc.us/tay/map.html,0
https://www.snopes.com/fact-check/rock-hounded/,http://www.volcanogallery.com/lavarock.htm,0
https://www.snopes.com/fact-check/fallen-angel/,http://us.imdb.com/Title?0120722,0
https://www.snopes.com/fact-check/asbestos-in-tampons/,http://web.archive.org/web/20000122205632/http://www.life.uiuc.edu/csb/faculty/katz_disavowal.html,0
https://www.snopes.com/fact-check/friendgreetingscom/,http://vil.mcafee.com/dispVirus.asp?virus_k=99760#RemovalInstructions,0
https://www.snopes.com/fact-check/peter-peter-pumpkin-pleaser/,http://us.imdb.com/Details?0102536,1
https://www.snopes.com/fact-check/call-girl-johns-daughter/,http://us.imdb.com/Title?0118013,0
https://www.snopes.com/fact-check/best-buy/,http://www.bestbuy.com,0
https://www.snopes.com/fact-check/best-buy/,http://www.bestbuy.com/homePopup.asp?ref=email,0
https://www.snopes.com/fact-check/hallmark-postcard-family-member-virus/,http://windowsupdate.microsoft.com/,0
https://www.snopes.com/fact-check/hallmark-postcard-family-member-virus/,https://home.mcafee.com/virusinfo/virusprofile.aspx?key=143338,0
https://www.snopes.com/fact-check/the-glass-menagerie/,http://www.cvs.com/CVSApp/cvs/gateway/detail?prodid=402989,0
https://www.snopes.com/fact-check/reuse-plastic-bottles/,http://www.washingtonpost.com/wp-dyn/content/article/2007/08/21/AR2007082102029.html,0
https://www.snopes.com/fact-check/reuse-plastic-bottles/,http://web.archive.org/web/20050830052647/http://www.jhsph.edu/PublicHealthNews/articles/Halden_dioxins.html,0
https://www.snopes.com/fact-check/presidential-iq/,http://web.archive.org/web/20010430034604/http://www.csbsju.edu/uspp/Election/bush011401.htm,0
https://www.snopes.com/fact-check/presidential-iq/,http://web.archive.org/web/20020630211835/http://www.doonesbury.com/strip/dailydose/index20010902.htm,0
https://www.snopes.com/fact-check/black-eyed-children/,http://web.archive.org/web/20050213181819/http://www.pinn.net/~royaloak/Stories/black_eyed.htm,0
https://www.snopes.com/fact-check/the-travel-bug/,http://us.imdb.com/Title?0113939,0
https://www.snopes.com/fact-check/the-travel-bug/,http://us.imdb.com/Title?0088821,0
https://www.snopes.com/fact-check/cuke-of-earl/,http://us.imdb.com/Details?0088258,1
https://www.snopes.com/fact-check/once-bitten-twice-shy/,http://us.imdb.com/Title?0084917,0
https://www.snopes.com/fact-check/jefferson-the-barbary-wars/,http://www.usmcpress.com/heritage/marine_hymn.htm,0
https://www.snopes.com/fact-check/cpr-annie/,http://depts.washington.edu/learncpr/pocket.html,0
https://www.snopes.com/fact-check/package-delivery-failure-virus/,http://www.fedex.com/us/fraud/virusalert.html,0
https://www.snopes.com/fact-check/have-your-yellowcake/,http://www.cameco.com/investor_relations/about_us/,0
https://www.snopes.com/fact-check/my-dynamite-idaho/,http://web.archive.org/web/20100424034701/http://www3.state.id.us/oasis/2005/HCR029.html,0
https://www.snopes.com/fact-check/my-dynamite-idaho/,http://www2.foxsearchlight.com/napoleondynamite/,0
https://www.snopes.com/fact-check/erasers-edge/,http://web.archive.org/web/20081011025408/http://www.mordenmb.com/town/docs/Safety-MagicEaserBurns.pdf,0
https://www.snopes.com/fact-check/plastic-tac-toe/,http://web.archive.org/web/20010503053616/http://www.castlemed.com/cgi-bin/search.cgi?file=services.txt&listtemp=services_template.htm&template=services_template.htm&output_number=10&0_option=2&0=15,0
https://www.snopes.com/fact-check/camel-toads/,http://web.archive.org/web/20050204122021/http://silvertoncamels.com/info.htm,0
https://www.snopes.com/fact-check/camel-toads/,http://web.archive.org/web/20050406060602/http://ctoe.bolt.com/womens.html,0
https://www.snopes.com/fact-check/blame-blanco/,http://web.archive.org/web/20071228055302/http://www.gov.state.la.us/index.cfm?md=newsroom&tmp=detail&catID=1&articleID=776&navID=3,1
https://www.snopes.com/fact-check/blame-blanco/,http://www.sptimes.com/2005/08/30/State/For_forecasting_chief.shtml,1
https://www.snopes.com/fact-check/business-wendys-free-food/,https://answers.yahoo.com/question/index?qid=20100819192112AAX0sNy,0
https://www.snopes.com/fact-check/obama-charged-treason/,https://casetext.com/case/taitz-v-colvin-4,0
https://www.snopes.com/fact-check/obama-charged-treason/,https://casetext.com/case/rhodes-v-macdonald,0
https://www.snopes.com/fact-check/obama-charged-treason/,https://casetext.com/case/taitz-v-colvin-3,0
https://www.snopes.com/fact-check/michelle-obama-10-bill/,http://www.thepcmdgazette.com/hillary-clinton-to-be-placed-on-the-new-ten-dollar-bill/,0
https://www.snopes.com/fact-check/bush-cull-fact-check/,http://www.leg.state.fl.us/data/session/2001/house/journals/pdf/bound/hj0423.pdf,0
https://www.snopes.com/fact-check/bush-cull-fact-check/,http://www.prochoiceamerica.org/media/fact-sheets/abortion-cpcs.pdf,0
https://www.snopes.com/fact-check/bush-cull-fact-check/,http://www.focusonthefamily.com/media/daily-broadcast/jeb-bush-on-the-importance-of-family,0
https://www.snopes.com/fact-check/lexus-hoverboard/,http://www.engadget.com/2015/06/23/lexus-slide-hoverboard-magnets-teaser/,0
https://www.snopes.com/fact-check/dearborn-ramadan-curfew/,https://www.municode.com/library/mi/dearborn/codes/code_of_ordinances?nodeId=COORDEMI_CH14OF_ARTVIIIOFINMI_DIV1GE_S14-317CU,0
https://www.snopes.com/fact-check/comet-september-2015/,https://uk.news.yahoo.com/the-world-is-going-to-end-in-september--apparently-082010971.html,0
https://www.snopes.com/fact-check/dylann-roof-donations/,https://www.google.com/search?q=%22citizens+for+white+rights%22&oq=%22citizens+for+white+rights%22&aqs=chrome..69i57.4830j1j4&sourceid=chrome&es_sm=91&ie=UTF-8,0
https://www.snopes.com/fact-check/dylann-roof-donations/,http://newswatch28.com/,0
https://www.snopes.com/fact-check/stone-mountain-petition/,https://www.change.org/p/remake-the-confederate-memorial-carving-on-stone-mountain-in-georgia,0
https://www.snopes.com/fact-check/stone-mountain-petition/,https://www.stonemountainpark.com/activities/history-nature/Confederate-Memorial-Carving,0
https://www.snopes.com/fact-check/stone-mountain-petition/,http://www.huffingtonpost.com/2013/05/01/stone-mountain-petition-controversy_n_3193361.html,0
https://www.snopes.com/fact-check/bachmann-divorce/,http://www.slate.com/articles/health_and_science/human_nature/2011/07/read_my_lisp.html,0
https://www.snopes.com/fact-check/bachmann-divorce/,http://nationalreport.net/disclaimer/,0
https://www.snopes.com/fact-check/grateful-dead-rainbow/,http://liveforlivemusic.com/news/grateful-dead-production-team-last-nights-rainbow/,0
https://www.snopes.com/fact-check/grateful-dead-rainbow/,https://www.billboard.com/articles/news/grateful-dead/6612935/grateful-dead-fare-thee-well-concert-review,0
https://www.snopes.com/fact-check/grateful-dead-rainbow/,http://www.rainbowmaker.us/,0
https://www.snopes.com/fact-check/greenland-kissing-islands/,http://www.vincenzomicarelli.com/dettaglio.aspx?id=10024,0
https://www.snopes.com/fact-check/stigmata-baby-philippines/,http://photoblog.nbcnews.com/_news/2011/10/31/8558858-introducing-danica-may-camacho-the-worlds-first-7-billionth-baby,0
https://www.snopes.com/fact-check/dearborn-isis-center/,http://search.atomz.com/search/?sp-q=dearborn&x=24&y=10&sp-a=00062d45-sp00000000&sp-advanced=1&sp-p=all&sp-w-control=1&sp-w=alike&sp-date-range=-1&sp-x=any&sp-c=100&sp-m=1&sp-s=0,0
https://www.snopes.com/fact-check/fauxtography-sea-horse/,http://www.worth1000.com/entries/275684/sea-horse,0
https://www.snopes.com/fact-check/fauxtography-sea-horse/,http://www.worth1000.com/contests/9786/canvas-earth-3,0
https://www.snopes.com/fact-check/jay-z-and-beyonce-buy-confederate-flag/,http://www.uspto.gov/trademarks/resources/exam/examguide2-07.jsp#FLAGS_AND_SIMULATIONS_OF_FLAGS,0
https://www.snopes.com/fact-check/jay-z-and-beyonce-buy-confederate-flag/,http://newswatch28.com/,0
https://www.snopes.com/fact-check/girl-killed-earbuds/,http://www.porjati.net/awful/4329-peredoz-tabletkami.html,0
https://www.snopes.com/fact-check/girl-killed-earbuds/,http://newswatch28.com/,0
https://www.snopes.com/fact-check/ariana-grande-isis/,http://www.cnn.com/2015/07/09/entertainment/ariana-grande-donut-licking-america/index.html,0
https://www.snopes.com/fact-check/transgender-tampons/,http://www.freerepublic.com/focus/news/3308269/posts?page=118,0
https://www.snopes.com/fact-check/man-arrested-for-alligator-sex/,http://www.nydailynews.com/news/crime/ill-man-sexually-abused-pet-peacock-police-article-1.1341370,0
https://www.snopes.com/fact-check/sturgis-tax-hike/,http://www.msnbc.com/rachel-maddow-show,0
https://www.snopes.com/fact-check/dont-judge-challenge-sharpie/,http://themetapicture.com/can-you-die-from-this/,0
https://www.snopes.com/fact-check/pope-mandatory-sterilization-climate-change/,https://www.catholicculture.org/culture/library/view.cfm?recnum=5234,0
https://www.snopes.com/fact-check/costco-666-cake/,http://www.addictinginfo.org/2015/07/16/this-costco-cake-is-sending-right-wing-christians-into-a-tizzy-video/,0
https://www.snopes.com/fact-check/seattle-sharia-law/,http://murray.seattle.gov/wp-content/uploads/2015/07/HALA_ActionPlan_2015.pdf,0
https://www.snopes.com/fact-check/confederate-diplomas-revoked/,http://www.duffelblog.com/2015/07/west-point-revokes-confederate-diplomas/,0
https://www.snopes.com/fact-check/kale-not-safe/,http://www.indiana.edu/~ensiweb/lessons/conf.bias.article.pdf,0
https://www.snopes.com/fact-check/kale-not-safe/,http://www.thebolditalic.com/articles/4260-so-wait-kale-is-bad-for-you-now,0
https://www.snopes.com/fact-check/gucci-mane-prison-break/,http://www.mtv.com/news/2194333/gucci-mane-no-prison-release-date-lawyer-confirms/,0
https://www.snopes.com/fact-check/gucci-mane-prison-break/,http://www.cnn.com/2015/07/16/world/mexico-el-chapo-escape/index.html,0
https://www.snopes.com/fact-check/mcdonalds-secret-menu/,http://www.eatmedaily.com/2009/03/the-mcgangbang-a-mcchicken-sandwich-inside-a-double-cheeseburger/,0
https://www.snopes.com/fact-check/mcdonalds-secret-menu/,http://hackthemenu.com/mcdonalds/secret-menu/mc1035/,0
https://www.snopes.com/fact-check/steven-tyler-amazing-grace/,http://www.angelfire.com/rock2/aerorockcom/july01news.htm,0
https://www.snopes.com/fact-check/fairfax-school-gender-controversy/,https://en.wikipedia.org/wiki/Traditional_Values_Coalition,0
https://www.snopes.com/fact-check/fairfax-school-gender-controversy/,https://web.archive.org/web/20150611025334/http://www.cbn.com/cbnnews/us/2015/June/Gender-Identity-Curriculum-Angers-Parents-in-Fairfax/,0
https://www.snopes.com/fact-check/olive-garden-planned-parenthood/,http://www.opensecrets.org/outsidespending/contrib.php?cycle=2014&cmte=Planned%20Parenthood,0
https://www.snopes.com/fact-check/olive-garden-planned-parenthood/,https://en.wikipedia.org/wiki/Center_for_Responsive_Politics,0
https://www.snopes.com/fact-check/obama-secret-race-database/,http://www2.ed.gov/about/offices/list/ocr/data.html,0
https://www.snopes.com/fact-check/obama-secret-race-database/,https://en.wikipedia.org/wiki/Consumer_Financial_Protection_Bureau,0
https://www.snopes.com/fact-check/obama-secret-race-database/,http://www.gpo.gov/fdsys/pkg/FR-2015-07-16/pdf/2015-17032.pdf,0
https://www.snopes.com/fact-check/camera-flash-blind-baby/,http://news.qq.com/a/20150727/025932.htm,0
https://www.snopes.com/fact-check/camera-flash-blind-baby/,http://news.dahe.cn/2015/07-27/105341643.html,0
https://www.snopes.com/fact-check/camera-flash-blind-baby/,http://life.gmw.cn/2015-07/27/content_16437308.htm,0
https://www.snopes.com/fact-check/brian-may-astrophysicist/,https://www.nasa.gov/mission_pages/newhorizons/main/,0
https://www.snopes.com/fact-check/brian-may-astrophysicist/,http://news.bbc.co.uk/2/hi/entertainment/6929290.stm,0
https://www.snopes.com/fact-check/army-implements-mandatory-divorce/,http://www.duffelblog.com/2013/03/army-implements-mandatory-divorce-policy-to-improve-readiness-lower-costs/,0
https://www.snopes.com/fact-check/macys-wont-hire-veteran/,http://www.yourcentralvalley.com/news/local-news/valley-veteran-says-she-wasnt-given-fair-shot-during-job-interview,1
https://www.snopes.com/fact-check/prescott-bush-planned-parenthood/,https://en.wikipedia.org/wiki/Roe_v._Wade,0
https://www.snopes.com/fact-check/prescott-bush-planned-parenthood/,https://www.randomhouse.com/doubleday/thefamily/media/thefamily_document007a.pdf,0
https://www.snopes.com/fact-check/prescott-bush-planned-parenthood/,http://www.nyu.edu/projects/sanger/articles/bush_family_planning.php,0
https://www.snopes.com/fact-check/hindu-goddess-kali-empire-state-building/,http://www.rebellesociety.com/2015/08/07/kali-takes-new-york-sign-of-the-times/,0
https://www.snopes.com/fact-check/hindu-goddess-kali-empire-state-building/,http://shoebat.com/2015/08/11/the-government-of-new-york-just-placed-a-giant-image-of-satan-on-the-empire-state-building-to-convince-people-to-worship-the-devil-the-end-times-are-coming/,0
https://www.snopes.com/fact-check/louis-farrakhan-intercede-quote/,http://www.finalcall.com/artman/publish/National_News_2/article_102517.shtml,0
https://www.snopes.com/fact-check/louis-farrakhan-intercede-quote/,https://www.splcenter.org/fighting-hate/extremist-files/individual/louis-farrakhan,0
https://www.snopes.com/fact-check/amazon-paramedics/,http://www.mcall.com/opinion/mc-amazon-bezos-fox-0818-20150817-story.html,0
https://www.snopes.com/fact-check/amazon-paramedics/,http://www.cjr.org/the_audit/the_morning_call_probes_amazon.php,0
https://www.snopes.com/fact-check/amazon-paramedics/,http://www.mcall.com/news/local/amazon/mc-allentown-amazon-complaints-20110917-story.html,0
https://www.snopes.com/fact-check/amish-dmv-clerk/,http://www.usnews.com/news/us/articles/2015/08/14/clerk-ignores-gay-marriage-order-asks-judge-for-delay,0
https://www.snopes.com/fact-check/amish-dmv-clerk/,http://www.nbcnews.com/id/17725931/ns/us_news-life/t/mennonites-plan-move-over-photo-ids/#.VdIg_ixViko,0
https://www.snopes.com/fact-check/amish-dmv-clerk/,http://www.welcome-to-lancaster-county.com/amish-lifestyle.html,0
https://www.snopes.com/fact-check/amish-dmv-clerk/,http://www.huffingtonpost.com/2015/01/31/amish-photo-id_n_6581376.html,0
https://www.snopes.com/fact-check/amish-dmv-clerk/,https://www.liberty.edu/media/9980/attachments/2015/081215_-_Order_-_Granting_PI.pdf,0
https://www.snopes.com/fact-check/amish-dmv-clerk/,http://www.amishnews.com/amisharticles/amishand%20photos.htm,1
https://www.snopes.com/fact-check/billionaire-baby-james-horton/,http://www.prweb.com/releases/2009/11/prweb3182704.htm,0
https://www.snopes.com/fact-check/twilight-saga-moonlight-glow/,http://i.imgur.com/4xtD0YW.jpg,0
https://www.snopes.com/fact-check/twilight-saga-moonlight-glow/,http://cylonka.deviantart.com/art/Twilight-Moonlight-Glow-poster-383180750,0
https://www.snopes.com/fact-check/twilight-saga-moonlight-glow/,https://en.wikipedia.org/wiki/Twilight_(series)#Other_books,0
https://www.snopes.com/fact-check/twilight-saga-moonlight-glow/,http://i.imgur.com/LgoLBVd.jpg,0
https://www.snopes.com/fact-check/twilight-saga-moonlight-glow/,http://i.imgur.com/wTASRIZ.jpg,0
https://www.snopes.com/fact-check/elephant-drowning-at-sea-world/,http://literallyunbelievable.org/,0
https://www.snopes.com/fact-check/fox-hires-george-zimmerman/,http://www.msnbc.com/msnbc/george-zimmerman-teams-muslim-free-zone-gun-shop-owner-sell-confederate-flag-prints,0
https://www.snopes.com/fact-check/lake-michigan-whales/,http://web.archive.org/web/20050222183225/www.geocities.com/lakemichiganwhales/,0
https://www.snopes.com/fact-check/police-license-plates-end-in-l/,https://www.google.com/search?q=cop+car+license+plate&num=50&rlz=1CALGAA_enUS654US655&es_sm=93&source=lnms&tbm=isch&sa=X&ved=0CAcQ_AUoAWoVChMIvtGR7bPCxwIVCVo-Ch0WfQUC&biw=1325&bih=876,0
https://www.snopes.com/fact-check/james-earl-jones-dead/,http://feednewz.com/top-news/579660/james-earl-jones-dies-at-age-84-in-arkabutla-mississippi-34654,0
https://www.snopes.com/fact-check/jamielee-tomlin-graham/,http://www.missingkids.com/poster/NCMC/1250863/1,0
https://www.snopes.com/fact-check/ann-coulter-obama-retard/,https://specialolympicsblog.wordpress.com/2012/10/23/an-open-letter-to-ann-coulter/,0
https://www.snopes.com/fact-check/ann-coulter-obama-retard/,http://www.huffingtonpost.com/2012/10/26/ann-coulter-retard_n_2022621.html,0
https://www.snopes.com/fact-check/mount-mckinley-denali/,http://www.msn.com/en-us/news/us/obama-renames-nation%E2%80%99s-highest-mountain/ar-AAdLF9D,0
https://www.snopes.com/fact-check/new-american-way-life/,https://otda.ny.gov/programs/heap/,0
https://www.snopes.com/fact-check/new-american-way-life/,http://www.thv11.com/story/news/local/little-rock/2015/08/25/rental-help-waiting-list-opens-after-6-years/32342989/,0
https://www.snopes.com/fact-check/new-american-way-life/,https://studentaid.ed.gov/sa/types/grants-scholarships/pell,0
https://www.snopes.com/fact-check/new-american-way-life/,http://www.swd.ucla.edu/documents/SingleMothers.pdf,0
https://www.snopes.com/fact-check/new-american-way-life/,http://hotspringsdaily.com/2015/07/the-secret-to-financial-success/,0
https://www.snopes.com/fact-check/new-american-way-life/,http://www.usnews.com/education/blogs/the-scholarship-coach/2011/09/29/where-to-find-scholarships-for-single-moms,0
https://www.snopes.com/fact-check/new-american-way-life/,http://www.ssa.gov/policy/docs/statcomps/di_asr/2011/sect04.html,0
https://www.snopes.com/fact-check/new-american-way-life/,http://staugustine.com/news/local-news/2011-11-12/social-security-disability-harder-get-baby-boomer-bubble-swells-number#.VeSlJSgVhBc,0
https://www.snopes.com/fact-check/new-american-way-life/,https://www.healthcare.gov/,0
https://www.snopes.com/fact-check/crown-tattoos/,http://www.cnn.com/2015/09/02/us/human-trafficking-branding-survivors-ink/,0
https://www.snopes.com/fact-check/tonya-parker/,http://www.nydailynews.com/news/national/gay-texas-judge-tonya-parker-won-perform-marriages-straight-couples-article-1.1027709,0
https://www.snopes.com/fact-check/tonya-parker/,http://www.wfaa.com/story/news/local/dallas-county/2015/06/26/1st-dallas-same-sex-marriage-momentous-for-couple-and-judge/29369759/,0
https://www.snopes.com/fact-check/pope-francis-nae-nae/,http://time.com/4023921/whip-and-nae-nae-riley-stephen-curry/,0
https://www.snopes.com/fact-check/666th-halloween/,http://www.bbc.co.uk/religion/religions/christianity/holydays/halloween_1.shtml,0
https://www.snopes.com/fact-check/abortion-jack-nicholson-quote/,http://www.thepoliticalinsider.com/is-abortion-murder-jack-nicholsons-response-silenced-everyone/?utm_source=TFP&utm_medium=Facebook&utm_campaign=TFP,0
https://www.snopes.com/fact-check/ban-oktoberfest-petition/,https://www.change.org/p/wawa-wawa-bring-back-the-hot-roast-beef-sandwiches,0
https://www.snopes.com/fact-check/ban-oktoberfest-petition/,https://www.change.org/p/beyonce-knowles-kelly-rowland-michelle-williams-i-want-destiny-s-child-to-make-another-album,0
https://www.snopes.com/fact-check/safe-harbor-initiative-blue-strip/,http://police.kingsporttn.gov/911_users_guide,0
https://www.snopes.com/fact-check/safe-harbor-initiative-blue-strip/,http://pittsylvaniacountyva.gov/DocumentCenter/View/186,0
https://www.snopes.com/fact-check/safe-harbor-initiative-blue-strip/,https://www.quora.com/What-can-I-do-to-best-support-my-local-police-officers-who-live-in-my-neighborhood-and-patrol-the-beat-here,0
https://www.snopes.com/fact-check/islam-tennessee-school/,http://columbiadailyherald.com/news/local-news/parents-concerned-over-religious-curriculum,1
https://www.snopes.com/fact-check/islam-tennessee-school/,http://springhillhomepage.com/update-12-30-p-m-maury-parents-angered-over-islam-unit-mcps-to-release-statement-thursday-cms-5213,1
https://www.snopes.com/fact-check/snl-conspiracy-theory-rock/,http://www.nydailynews.com/archives/entertainment/snl-kills-controversial-cartoon-spoof-article-1.787525,0
https://www.snopes.com/fact-check/snl-conspiracy-theory-rock/,http://www.huffingtonpost.com/2012/01/04/banned-snl-clip-video_n_1184426.html,0
https://www.snopes.com/fact-check/bernie-sanders-parents-holocaust/,http://www.huffingtonpost.com/2015/05/26/bernie-sanders-2016_n_7446570.html,0
https://www.snopes.com/fact-check/bernie-sanders-parents-holocaust/,http://www.tabletmag.com/jewish-news-and-politics/192931/bernie-sanders-story,0
https://www.snopes.com/fact-check/bernie-sanders-parents-holocaust/,http://theliberaltony.tumblr.com/post/121349161408/a-guy-named-adolf-hitler-won-an-election-in-1932,0
https://www.snopes.com/fact-check/carly-fiorina-rape-comment/,http://www.cnn.com/2015/09/20/politics/carly-fiorina-donald-trump-republican-2016-poll/index.html,0
https://www.snopes.com/fact-check/bernie-sanders-saves-dog/,http://www.ontheissues.org/senate/bernie_sanders.htm,0
https://www.snopes.com/fact-check/obama-behavioral-experiments/,http://blog.practicalethics.ox.ac.uk/2015/09/behavioral-science-public-policy-ethics/,0
https://www.snopes.com/fact-check/mark-zuckerberg-planned-parenthood/,http://www.huffingtonpost.com/2012/12/18/mark-zuckerberg-donation--silicon-valley-community-foundation_n_2326083.html,0
https://www.snopes.com/fact-check/selfies-of-death/,http://sharkattacksurvivors.com/shark_attack/viewforum.php?f=54,0
https://www.snopes.com/fact-check/selfies-of-death/,https://en.wikipedia.org/wiki/List_of_selfie-related_injuries_and_deaths#cite_note-15,0
https://www.snopes.com/fact-check/caitlin-teagart/,http://literallyunbelievable.org/,0
https://www.snopes.com/fact-check/free-sams-club-membership/,http://help.samsclub.com/app/error/error_id/1/session/L2F2LzEvdGltZS8xNDQyOTQ5NzI5L3NpZC9YX29wSDd4bQ==,0
https://www.snopes.com/fact-check/small-michigan-town-syrian-refugees/,http://www.detroitnews.com/story/news/local/michigan/2015/09/10/michigan-likely-take-syria-refugees/72042550/,0
https://www.snopes.com/fact-check/wifi-assist-ios-9-phone-bill/,http://www.piac.ca/our-specialities/public-interest-news-cellphone-bills-les-preteurs-ubb-retail-price-maintenance-25-set-aside-premium-text-messaging/,0
https://www.snopes.com/fact-check/wifi-assist-ios-9-phone-bill/,http://time.com/money/4050384/iphone-ios-9-wifi-data-overages/,0
https://www.snopes.com/fact-check/walnut-and-spiders/,http://www.sophisticatededge.com/can-spiders-smell.html,0
https://www.snopes.com/fact-check/eyelash-lice/,http://www.nature.com/eye/journal/v17/n4/full/6700422a.html,0
https://www.snopes.com/fact-check/eyelash-lice/,http://www.personal.psu.edu/afr3/blogs/siowfa12/2012/11/use-mascara-watch-out-for-eyelash-mites.html,0
https://www.snopes.com/fact-check/eyelash-lice/,http://www.cmaj.ca/content/182/4/E187.full,0
https://www.snopes.com/fact-check/transgender-birthing-individuals/,http://www.huffingtonpost.com/trevor-macdonald/transphobia-in-the-midwif_b_8131520.html,0
https://www.snopes.com/fact-check/pope-francis-kim-davis/,http://www.msn.com/en-us/news/us/update-1-pope-did-not-give-unconditional-support-to-clerk-in-gay-marriage-row-vatican/ar-AAf1P79,0
https://www.snopes.com/fact-check/petsmart-drowned-pets/,http://darkroom.baltimoresun.com/2015/10/flooding-in-south-carolina-after-storms/#1,0
https://www.snopes.com/fact-check/offices-ban-pork-muslims/,http://www.coexisthouse.org.uk/,0
https://www.snopes.com/fact-check/republicans-trump-supporters-grammar/,http://undsci.berkeley.edu/article/%3C?%20echo%20%24baseURL;%20?%3E/sciencetoolkit_08,0
https://www.snopes.com/fact-check/republicans-trump-supporters-grammar/,https://www.psychologytoday.com/blog/millennial-media/201304/do-racism-conservatism-and-low-iq-go-hand-in-hand,0
https://www.snopes.com/fact-check/barvetta-singletary/,http://www.nydailynews.com/news/national/obama-aide-threatened-boyfriend-gun-police-article-1.2320885,0
https://www.snopes.com/fact-check/barvetta-singletary/,https://open.whitehouse.gov/dataset/Average-Salary-by-Position/3769-btky,0
https://www.snopes.com/fact-check/john-pearl-elementary-school-guns/,http://ypdcrime.com/penal.law/article265.htm#p265.01a,0
https://www.snopes.com/fact-check/john-pearl-elementary-school-guns/,https://www.alphabetsigns.com/signs/changeable-sign-letters.html,0
https://www.snopes.com/fact-check/john-pearl-elementary-school-guns/,http://www.escapistmagazine.com/forums/read/528.823189-John-Pearl-Elementary-Schools-method-of-deterring-school-shootings,1
https://www.snopes.com/fact-check/5p-bag-charge/,http://your.asda.com/notes-and-briefings/don-t-be-taken-in-by-this-hoax-asda-carrier-bag-poster-photo,0
https://www.snopes.com/fact-check/5p-bag-charge/,https://www.gov.uk/government/publications/single-use-plastic-carrier-bags-why-were-introducing-the-charge/carrier-bags-why-theres-a-5p-charge,0
https://www.snopes.com/fact-check/preschoolers-killed-police/,https://www.fbi.gov/news/pressrel/press-releases/fbi-releases-2014-preliminary-statistics-for-law-enforcement-officers-killed-in-the-line-of-duty,0
https://www.snopes.com/fact-check/muslim-family-day/,https://www.sixflags.com/sites/default/files/sfa_2015_the_rock_christian_event.pdf,0
https://www.snopes.com/fact-check/muslim-family-day/,http://6flags.icnanj.org/flyer/,0
https://www.snopes.com/fact-check/muslim-family-day/,http://6flags.icnanj.org/,0
https://www.snopes.com/fact-check/muslim-family-day/,https://www.sixflags.com/magicmountain/group-sales/religious-organizations,0
https://www.snopes.com/fact-check/muslim-family-day/,https://www.sixflags.com/training/special-events/christian-concert-weekend,0
https://www.snopes.com/fact-check/muslim-family-day/,http://www.muslimfamilyday.com/,0
https://www.snopes.com/fact-check/muslim-family-day/,https://www.sixflags.com/stlouis/group-sales/religious-organizations,0
https://www.snopes.com/fact-check/muslim-family-day/,https://www.sixflags.com/sites/default/files/2015_christian_family_day_order_form.pdf,0
https://www.snopes.com/fact-check/page/mark-zuckerberg-planned-parenthood/,http://www.huffingtonpost.com/2012/12/18/mark-zuckerberg-donation--silicon-valley-community-foundation_n_2326083.html,0
https://www.snopes.com/fact-check/brain-feud/,http://www.nydailynews.com/news/politics/carson-not-advocate-put-muslim-white-house-article-1.2367295,0
https://www.snopes.com/fact-check/full-stop/,http://www.cnn.com/US/9806/12/school.shooting.verdict/,0
https://www.snopes.com/fact-check/power-basketball/,http://www.mknx.com/v/powerade.wmv,0
https://www.snopes.com/fact-check/power-basketball-2/,http://www.mknx.com/v/powerade.wmv,0
